{"cameraMode":{"drawMode":0,"name":"Shaded","section":"Shading Mode"},"sceneLighting":true,"audioPlay":false,"sceneViewState":{"m_AlwaysRefresh":false,"showFog":true,"showSkybox":true,"showFlares":true,"showImageEffects":true,"showParticleSystems":true,"showVisualEffectGraphs":true,"m_FxEnabled":true},"in2DMode":false,"pivot":{"x":41.692237854003909,"y":-8.334497451782227,"z":-28.113224029541017},"rotation":{"x":-0.05573432892560959,"y":-0.8846473693847656,"z":0.10964983701705933,"w":-0.44981229305267336},"size":28.579357147216798,"orthographic":false}