{"cameraMode":{"drawMode":0,"name":"Shaded","section":"Shading Mode"},"sceneLighting":true,"audioPlay":false,"sceneViewState":{"m_AlwaysRefresh":false,"showFog":true,"showSkybox":true,"showFlares":true,"showImageEffects":true,"showParticleSystems":true,"showVisualEffectGraphs":true,"m_FxEnabled":true},"in2DMode":false,"pivot":{"x":0.23933768272399903,"y":0.4601778984069824,"z":15.370013236999512},"rotation":{"x":-0.06523825973272324,"y":-0.05893275886774063,"z":0.0038591399788856508,"w":-0.9961251616477966},"size":9.572175025939942,"orthographic":false}